type,date,Australia,Canada,China,France,Germany,Hungary,India,Japan,Mexico,Pakistan,Russia,United Kingdom,United States of America,Vietnam
cbr,2000,13,10.9,14.03,13.3,9.3,9.6,26.463,9.4,24.132,32.035,8.7,11.5,14.4,17.527
cbr,2001,12.7,10.6,13.38,13.1,8.9,9.5,26.012,9.3,23.673,31.326,9.1,11.3,14.1,17.133
cbr,2002,12.8,10.7,12.86,12.9,8.7,9.5,25.561,9.3,23.205,30.764,9.8,11.3,14,16.926
cbr,2003,12.6,10.5,12.41,12.8,8.6,9.3,25.108,9.2,22.731,30.364,10.2,11.7,14.1,16.844
cbr,2004,12.3,10.65,12.29,12.8,8.6,9.4,24.648,8.693604565,22.259,30.126,10.4,11.9,14,16.854
cbr,2005,12.8,10.65,12.4,12.8,8.3,9.7,24.171,8.413292219,21.799,30.033,10.2,12,14,16.926
cbr,2006,12.9,10.9,12.09,13.1,8.2,9.9,23.664,8.65,21.366,30.05,10.4,12.3,14.3,17.036
cbr,2007,14.1,11.2,12.1,12.8,8.3,9.7,23.126,8.63,20.968,30.12,11.3,12.6,14.3,17.168
cbr,2008,14,11.3,12.14,12.9,8.3,9.9,22.562,8.7,20.609,30.188,12,12.9,14,17.302
cbr,2009,13.9,11.3,12.13,12.8,8.1,9.6,21.982,8.5,20.287,30.217,12.3,12.7,13.5,17.411
cbr,2010,13.7,11.1,11.9,12.9,8.3,9,21.408,8.5,19.992,30.175,12.5,12.9,13,17.473
cbr,2011,13.6,11,11.93,12.7,8.3,8.8,20.864,8.3,19.714,30.041,12.6,12.8,12.7,17.471
cbr,2012,13.7,11,12.1,12.6,8.4,9.1,20.37,8.2,19.435,29.823,13.3,12.8,12.6,17.41
cbr,2013,13.3,10.8,12.08,12.4,8.5,9,19.938,8.2,19.145,29.53,13.2,12.1,12.4,17.295
cbr,2014,13.2,10.8,12.37,12.4,8.8,9.5,19.573,8,18.837,29.163,13.3,12,12.5,17.129
cbr,2015,12.8,10.8,12.07,12,9,9.4,19.269,8,18.512,28.727,13.3,11.9,12.4,16.923
cbr,2016,12.5,10.8,12,11.7,9.3,9.7,19.013,7.8,18.173,28.233,12.9,11.8,12.4,16.691
cdr,2000,6.7,7.1,6.45,8.9,10.2,13.3,8.692,7.7,4.655,8.728,15.3,10.3,8.5,5.539
cdr,2001,6.6,7.1,6.43,8.8,10.1,13,8.56,7.7,4.63,8.572,15.6,10.2,8.5,5.523
cdr,2002,6.8,7.1,6.41,8.8,10.2,13.1,8.435,8.1,4.613,8.439,15.4,10.2,8.5,5.521
cdr,2003,6.6,7.2,6.4,9.1,10.3,13.4,8.316,8.4,4.601,8.328,16.4,10.2,8.4,5.528
cdr,2004,6.5,7.25,6.42,8.3,9.9,13.1,8.199,8.050859795,4.594,8.237,16,9.7,8.2,5.543
cdr,2005,6.4,7.1,6.51,8.5,10.1,13.5,8.084,8.530753759,4.592,8.161,16.1,9.6,8.3,5.565
cdr,2006,6.4,7,6.81,8.3,10,13.1,7.967,8.53,4.596,8.092,15.2,9.4,8.1,5.59
cdr,2007,6.7,7.1,6.93,8.3,10.1,13.2,7.852,8.71,4.607,8.021,14.6,9.4,8,5.619
cdr,2008,6.7,7.2,7.06,8.5,10.3,13,7.739,9.1,4.625,7.945,14.5,9.4,8.1,5.65
cdr,2009,6.5,7.1,7.08,8.5,10.4,13,7.632,9.1,4.648,7.859,14.1,9,7.9,5.68
cdr,2010,6.5,7.1,7.11,8.5,10.5,13,7.534,9.5,4.676,7.767,14.2,8.9,7.995,5.709
cdr,2011,6.6,7,7.14,8.4,10.6,12.9,7.451,9.9,4.706,7.67,13.5,8.7,8.073,5.734
cdr,2012,6.6,7.1,7.15,8.7,10.8,13,7.385,10,4.736,7.576,13.3,8.9,8.102,5.755
cdr,2013,6.4,7.2,7.16,8.7,11.1,12.8,7.339,10.1,4.766,7.489,13,9,8.215,5.774
cdr,2014,6.5,7.3,7.16,8.5,10.7,12.8,7.312,10.1,4.796,7.412,13.1,8.8,8.237,5.791
cdr,2015,6.6,7.5,7.11,8.9,11.3,13.4,7.303,10.3,4.824,7.344,13,9.2,8.44,5.806
cdr,2016,6.5,7.5,7.3,8.8,11.2,13,7.31,10.5,4.852,7.283,12.9,9.1,8.4,5.821
popt,2000,19153000,30769700,1262645000,60912500,82211508,10210971,1053050912,126843000,101719673,138523285,146596557,58892514,282162411,80285562
popt,2001,19413000,31081900,1271850000,61357430,82349925,10187576,1071477855,127149000,103067068,141601437,145976083,59119673,284968955,81139919
popt,2002,19651400,31362000,1280400000,61805267,82488495,10158608,1089807112,127445000,104355608,144654143,145306046,59370479,287625193,81956496
popt,2003,19895400,31676000,1288400000,62244886,82534176,10129552,1108027848,127718000,105640453,147703401,144648257,59647577,290107933,82747662
popt,2004,20127400,31995000,1296075000,62704895,82516260,10107146,1126135777,127761000,106995583,150780300,144067054,59987905,292805298,83527678
popt,2005,20394800,32312000,1303720000,63179351,82469422,10087065,1144118674,127773000,108472228,153909667,143518523,60401206,295516599,84308843
popt,2006,20697900,32570505,1311020000,63621381,82376451,10071370,1161977719,127854000,110092378,157093993,143049528,60846820,298379912,85094617
popt,2007,20827600,32887928,1317885000,64016227,82266372,10055780,1179681239,128001000,111836346,160332974,142805088,61322463,301231207,85889590
popt,2008,21249200,33245773,1324655000,64374989,82110097,10038188,1197146906,128063000,113661809,163644603,142742350,61806995,304093966,86707801
popt,2009,21691700,33628571,1331260000,64707044,81902307,10022650,1214270132,128047000,115505228,167049580,142785342,62276270,306771529,87565407
popt,2010,22031750,34005274,1337705000,65027507,81776930,10000023,1230980691,128070000,117318941,170560182,142849449,62766365,309338421,88472512
popt,2011,22340024,34342780,1344130000,65342775,80274983,9971727,1247236029,127833000,119090017,174184265,142960868,63258918,311644280,89436644
popt,2012,22742475,34750545,1350695000,65659789,80425823,9920362,1263065852,127629000,120828307,177911533,143201676,63700300,313993272,90451881
popt,2013,23145901,35152370,1357380000,65998660,80645605,9893082,1278562207,127445000,122535969,181712595,143506911,64128226,316234505,91497725
popt,2014,23504138,35535348,1364270000,66316092,80982500,9866468,1293859294,127276000,124221600,185546257,143819666,64613160,318622525,92544915
popt,2015,23850784,35832513,1371220000,66593366,81686611,9843028,1309053980,127141000,125890949,189380513,144096870,65128861,321039839,93571567
popt,2016,24210809,36264604,1378665000,66859768,82348669,9814023,1324171354,126994511,127540423,193203476,144342396,65595565,323405935,94569072
popt,2017,24598933,36708083,1386395000,67118648,82695000,9781127,1339180127,126785797,129163276,197015955,144495044,66022273,325719178,95540800
gdp,2000,415034227218,742293448253,1211346869605,1362248940483,1949953934034,47310623887,462146799338,4887519660745,707906744575,73952374970,259708496267,1647951278560,10284779000000,31172518403
gdp,2001,378215090694,736379777893,1339395718865,1376465324385,1950648769575,53821315066,478965491061,4303544259843,756706300590,72309738921,306602673980,1621510004318,10621824000000,32685198735
gdp,2002,394486709920,757950678647,1470550015082,1494286655374,2079136081310,67716887203,508068952066,4115116279070,772106378935,72306820396,345110438692,1768408273381,10977514000000,35064105501
gdp,2003,466294700058,892380986368,1660287965663,1840480812641,2505733634312,85324771841,599592902016,4445658071222,729336319677,83244801093,430347770732,2038395102041,11510670000000,39552513316
gdp,2004,611904253806,1023196003075,1955347004963,2115742488205,2819245095605,104066609518,699688852930,4815148854362,782240601985,97977766198,591016690743,2398555474185,12274928000000,45427854693
gdp,2005,692641708014,1169357979865,2285965892361,2196126103718,2861410272354,113035361317,808901077223,4755410630912,877476221382,109502102511,764017107992,2520701818182,13093726000000,57633255618
gdp,2006,745521862833,1315415197461,2752131773355,2318593651988,3002446368084,115295199392,920316529730,4530377224970,975387131716,137264061106,989930542279,2692612695492,13855888000000,66371664817
gdp,2007,851962785585,1464977190206,3552182311653,2657213249384,3439953462907,139850794387,1201111768410,4515264514431,1052696282279,152385716312,1299705247686,3074359743898,14477635000000,77414425532
gdp,2008,1052584601611,1549131208997,4598206091384,2918382891460,3752365607148,157998423132,1186952757636,5037908465114,1109989038339,170077814106,1660844408500,2890564338235,14718582000000,99130304099
gdp,2009,926448240318,1371153004986,5109953609257,2690222283968,3418005001389,130593960612,1323940295874,5231382674594,900045362045,168152775283,1222643696992,2382825985356,14418739000000,106014659770
gdp,2010,1144260547873,1613464422811,6100620488868,2642609548930,3417094562649,130922638689,1656617073125,5700098114744,1057801282051,177406854515,1524916112079,2441173394730,14964372000000,115931749697
gdp,2011,1394280784778,1788647906048,7572553836875,2861408170265,3757698281118,140782064609,1823049927772,6157459594824,1180489563964,213587413184,2051661732060,2619700404733,15517926000000,135539438560
gdp,2012,1543411012580,1824288757448,8560547314679,2683825225093,3543983909148,127856647108,1827637859136,6203213121334,1201090018604,224383620830,2210256976945,2662085168499,16155255000000,155820001920
gdp,2013,1573696522007,1842628005830,9607224481533,2811077725704,3752513503278,135215704419,1856722121394,5155717056271,1274443078609,231218567179,2297128039058,2739818680930,16691517000000,171222025117
gdp,2014,1464955475994,1799268695862,10482372109962,2852165760630,3890606893347,140118140455,2039127446299,4850413536038,1314385330073,244360888751,2063662665172,3022827781881,17427609000000,186204652922
gdp,2015,1349034029453,1559623393039,11064666282626,2438207896252,3375611100742,122879042002,2102390808997,4394977752878,1169622672463,270556126820,1368400705491,2885570309161,18120714000000,193241108710
gdp,2016,1208039015868,1535767736946,11190992550230,2465134297439,3477796274497,125816640421,2274229710530,4949273341994,1076912039691,278654637738,1284727602174,2650850178102,18624475000000,205276172135
gdp,2017,1323421072479,1653042795255,12237700479375,2582501307216,3677439129777,139135029758,2597491162898,4872136945508,1149918794766,304951818494,1577524145963,2622433959604,19390604000000,223863996355
import,2000,89664636061,286675644738,224306238158,371434494196,595914870094,33265478108,64971207881,449415629306,191318627692,10862333897,62417348027,439791193827,1472630000000,17922825684
import,2001,83770526994,267822184917,243973790218,367426398210,587284116331,35502180723,65065216525,411807397253,185388139002,11361301958,74250942749,438498632503,1395396000000,18595918510
import,2002,82018627041,270575415790,295619639659,381655373612,586294936947,40616214095,78314209114,397824353208,186428365369,11073075674,84408293461,469845623501,1428973000000,21724925554
import,2003,98900407688,294624937549,412137124715,454338600451,724849887133,51346500127,94848356578,442068944697,188498786171,13423663992,102759676789,528697142857,1543934000000,26759132852
import,2004,121992459809,336555726364,556182551585,538587037497,857267196424,66027932515,138982825408,527274407771,234749892610,14337311100,130992710864,625270963017,1800677000000,33292010669
import,2005,145657795820,384891071134,648712207880,591804501928,935129958960,73251717961,183304593130,594571495452,280628576974,21422766419,164341474452,686989090909,2030086000000,38623129914
import,2006,161970649895,429507228491,782812463260,653110023836,1077632668423,86552740149,229414934874,655041775832,280595105054,29577339842,207914383436,784018399264,2247263000000,46856276474
import,2007,186383763838,469362256773,949016596646,759099370381,1250788393102,108043286946,302092513403,704407087687,308103605534,30135517579,279983425069,840508203281,2383167000000,65095862342
import,2008,239348254252,505033739456,1146484468068,854435330306,1406575362531,124689980379,350102867822,855184090480,333835150453,39478276163,366597057084,857529411765,2565009000000,83250410219
import,2009,211475482256,410146093955,1029593130340,689420672409,1123253681578,91900265739,346362190759,626195761253,259328000666,33085901223,250604907311,674718803552,1983178000000,76433848993
import,2010,238851404915,499992824943,1380075369555,742031316842,1266125940556,100186267949,448917472234,773859611899,328581153292,34332943126,322366709585,752366408694,2364992000000,92994667515
import,2011,285898649315,568146096542,1825402621481,868987884447,1500432497830,113530889558,566667153574,952436266381,382867847673,40524442876,408776712511,839606976490,2686366000000,113207523251
import,2012,335971334296,587120560050,1943215391727,818540713740,1413773668449,101927877834,571306638044,998182045506,402385300657,45794092923,447048943249,844201156323,2763844100000,119241741886
import,2013,334974864061,586141008472,2119378054521,854548434796,1479936813976,106393437493,527555481498,939996733656,413674331350,46374225335,468623084389,868085386896,2768613000000,139491323459
import,2014,315025245571,585135256411,2241288603086,878812509206,1508830600372,113873246824,529239679343,970347939716,434741398006,45594469822,426062191557,914479030510,2883157000000,154791469643
import,2015,290506697729,530268247896,2003257157591,759722943088,1312469625817,99966140710,465096226983,791424437998,428462235256,46130526984,281490768441,839561218721,2788958000000,171961718750
import,2016,259951230165,512704230019,1944484096049,763536701903,1326710614353,99968633743,478367320067,749687709077,421081317031,45031995469,263708338864,803925592428,2735805000000,186929284270
import,2017,272924051588,548291575782,2208417814124,825991807701,1458541538696,114466841977,565594851915,749687709077,456350218500,53527248788,326365892621,837427058259,2735805000000,221074691113
export,2000,80697104817,328371826813,253092089737,389534733739,601161783674,31545521428,60697346482,519273793561,179855862769,9940178787,114429434767,409412921773,1096835000000,16808688578
export,2001,84096812279,309546100207,272060010516,389070246085,621685011186,34841146647,60782221951,440213809226,171520507263,10600274820,113116215290,401127105225,1026713000000,17997102321
export,2002,81986709920,303441024661,333002310923,411392810088,677258610954,39256792262,73234279967,453412607267,174129212925,11007713543,121649122807,420412170264,1002509000000,19193787587
export,2003,89076295865,328644636357,447958253782,480585778781,816655756208,47995753136,90568215341,517443189415,177669541570,13917671163,151697510752,479728979592,1040279000000,22415697884
export,2004,105368473467,381528823982,607356934125,560012416191,999377948845,61956149030,126271073210,624622665052,222268871522,15350078166,203415480736,562286708166,1181507000000,27134530701
export,2005,126651631334,430266545635,773339005397,593679890561,1079909215272,70702972455,160359509117,666349114756,266557906477,17180327372,268957446508,622238181818,1308901000000,36712091438
export,2006,148419436957,464727609309,991731387760,647700414001,1236718103124,85298013214,199379206384,719102350573,266526112834,19400851368,333908278474,719146274149,1476316000000,44944777029
export,2007,172356912931,500336095336,1257052625430,740120448946,1479520941692,109005265055,252324674813,789869515556,289778188814,20137183306,392044033025,764371748699,1664625000000,54591007521
export,2008,212503133393,531710402999,1495317001222,820631316830,1630773399736,125276105914,288042965946,877807071435,307483574130,21059563685,520003701781,774711397059,1841942000000,69724976614
export,2009,213439846856,389897646750,1249723531707,668131425396,1292081133648,97175485824,272937707277,655016933828,244407308913,20843801713,341583596930,622603209223,1587742000000,66374595429
export,2010,227050118911,469065673887,1602475244893,707910169575,1443735233415,107133262534,374237183743,857109901330,314142282684,23978785633,445513189914,688754984315,1852335000000,83473591219
export,2011,299391698708,546693502728,2006296851397,813250472649,1684131719233,122121454328,447383950836,919000611152,366385100577,29831048430,573991825010,799277937660,2106371000000,107605943515
export,2012,332126211590,551183390199,2175080625667,783758210131,1629613808590,110475071911,448400543291,902241999043,387538503664,27816080761,594193217855,791497327717,2198182300000,124700595352
export,2013,314546014158,555798122397,2354248580555,825465605392,1703561519164,115824828449,472180427427,820552895624,398972729095,30699243927,592497432241,812795126346,2276608000000,143186372438
export,2014,308750573763,567433500256,2462839435101,846143017568,1778174797325,122819683149,468346037554,850777160708,419247585932,29916086157,558283087795,853874777614,2373648000000,160889682239
export,2015,269981695649,491717641122,2362092880963,745911734494,1582312227456,110852356958,416786916150,773029478087,404586096742,28690885215,391450612675,790107053897,2264916000000,173490415458
export,2016,232584073373,475594668003,2199967569433,743372662436,1603933249018,112652236049,439265703655,797780921022,399775738868,25484992271,330161850039,749003762573,2214566000000,192187638306
export,2017,281496342107,510691493369,2417848999423,797524292020,1737069506126,125346817685,490079429668,797780921022,435589880713,25114128153,410780764722,800593204589,2214566000000,227345654748
arable,2000,6.157530948,5.037658726,12.58705058,33.51991628,33.82719587,51.35014506,54.12704873,12.27434842,11.78271046,40.2656704,7.592419179,24.2880172,19.14096609,19.93184595
arable,2001,6.483344832,5.045356523,12.36465184,33.50439307,33.85783892,51.39477795,53.92356358,12.1920439,11.90925693,40.60294728,7.561457446,23.35799611,19.1444588,21.37323604
arable,2002,6.221964776,5.028421369,12.19614399,33.55114534,33.79865849,51.39477795,53.95955186,12.12345679,11.92623267,40.49916978,7.537113255,23.91600876,18.87999459,21.25261633
arable,2003,6.123166239,5.011596182,11.89789831,33.50229161,33.90671139,51.29435394,53.74664922,12.06310014,12.1669796,40.46025322,7.481786804,23.39106353,18.73340959,21.22423969
arable,2004,6.214675293,4.994661027,11.88724691,33.54475343,34.11417266,51.30551216,53.70696121,12.01371742,11.94166517,39.31870071,7.45646084,24.05241185,18.23373267,20.86464347
arable,2005,6.430626245,4.977835841,11.95648356,33.56289847,34.13235463,51.34471599,53.62724885,11.96159122,11.98384732,39.13709008,7.43410663,23.68040342,18.02187751,20.50504725
arable,2006,6.211030551,4.960900686,11.57835027,33.49240353,34.02729984,51.30007812,53.36423168,11.91495199,12.01831323,39.33167289,7.423124314,25.18910429,17.51175518,20.47279647
arable,2007,5.745675123,4.913724184,11.55544995,33.39597521,34.06372788,51.24428077,53.14897467,11.86831276,12.09856221,39.15006227,7.423124314,25.15190344,17.66878558,20.34895346
arable,2008,5.724717858,4.866547681,11.51614533,33.36401507,34.22539655,51.16616449,53.13989352,11.81893004,12.27552149,38.21606476,7.428098287,24.82122928,17.689425,20.26155384
arable,2009,5.937805084,4.819481146,11.47396453,33.3411864,34.26465104,50.64619463,53.11601344,11.78052126,12.2883819,38.16417601,7.434265522,25.00310007,17.26833358,20.31799271
arable,2010,5.541048905,4.772304644,11.42070625,33.42245647,33.98456551,48.51430465,52.80826318,11.7459882,12.09238921,38.12525944,7.266345767,24.67655934,17.04592114,20.76111846
arable,2011,6.206214285,4.725128141,11.34614465,33.37442495,34.06873996,48.54744284,52.79817301,11.66902114,11.81974845,39.04628477,7.327407496,25.05683462,16.58055495,20.76176347
arable,2012,6.132668602,4.74267912,11.28223471,33.38775689,33.95306134,48.56953496,52.65253818,11.64691683,11.90874251,39.22789539,7.312142064,25.67684868,16.9564205,20.64469313
arable,2013,6.016297203,4.760230098,11.2609314,33.43158794,34.04035772,48.63581133,52.61755892,11.62222954,11.81871962,39.52625571,7.464185769,25.89757368,16.64312998,20.71403232
arable,2014,6.112362183,4.777781077,11.25880106,33.4816284,34.02407567,48.6468574,52.62462204,11.58382708,11.82802541,39.48733914,7.518031223,25.76571736,16.86437269,20.67113878
arable,2015,6.004191453,4.795332055,12.6754714,33.74753679,33.96501165,48.7374351,52.62462204,11.52348036,11.78687723,39.48733914,7.518031223,24.84602984,16.64540384,22.5690973
land,2000,7682300,9093510,9388220,547567,348950,89620,2973190,364500,1943950,770880,16381340,241930,9161920,311060
land,2001,7682300,9093510,9388214.2,547567,348900,89620,2973190,364500,1943950,770880,16380440,241930,9161920,311090
land,2002,7682300,9093510,9388213.2,547567,348860,89620,2973190,364500,1943950,770880,16380940,241930,9161920,310550
land,2003,7682300,9093510,9388212.7,547867,348810,89620,2973190,364500,1943950,770880,16380980,241930,9161920,310070
land,2004,7682300,9093510,9388212.5,547567,348770,89620,2973190,364500,1943950,770880,16381230,241930,9161920,310070
land,2005,7682300,9093510,9388211.8,547557,348760,89610,2973190,364500,1943950,770880,16381390,241930,9161920,310070
land,2006,7682300,9093510,9388211.4,547557,348720,89610,2973190,364500,1943950,770880,16377740,241930,9161920,310070
land,2007,7682300,9093510,9388210.8,547557,348670,89610,2973190,364500,1943950,770880,16377740,241930,9161920,310070
land,2008,7682300,9093510,9388210.8,547557,348630,89610,2973190,364500,1943950,770880,16376870,241930,9147420,310070
land,2009,7682300,9093510,9388211,547557,348610,90530,2973190,364500,1943950,770880,16376870,241930,9147420,310070
land,2010,7682300,9093510,9388211,547557,348570,90530,2973190,364550,1943950,770880,16376870,241930,9147420,310070
land,2011,7682300,9093510,9388211,547557,348560,90530,2973190,364555,1943950,770880,16376870,241930,9147420,310070
land,2012,7682300,9093510,9388211,547557,348540,90530,2973190,364560,1943950,770880,16376870,241930,9147420,310070
land,2013,7682300,9093510,9388211,547557,348880,90530,2973190,364560,1943950,770880,16376870,241930,9147420,310070
land,2014,7682300,9093510,9388211,547557,348900,90530,2973190,364560,1943950,770880,16376870,241930,9147420,310070
land,2015,7682300,9093510,9388211,547557,348859,90530,2973190,364560,1943950,770880,16376870,241930,9147420,310070
land,2016,7682300,9093510,9388211,547557,348900,90530,2973190,364560,1943950,770880,16376870,241930,9147420,310070
land,2017,7682300,9093510,9388211,547557,348900,90530,2973190,364560,1943950,770880,16376870,241930,9147420,310070
popd,2000,2.493133567,3.383698924,134.492481,111.2420946,235.5968133,113.9362977,354.1821787,347.9917695,52.32628051,179.6950044,8.948996663,243.4279089,30.79730133,258.1031377
popd,2001,2.526977598,3.418031101,135.4730488,112.0546527,236.0273001,113.6752511,360.3798799,348.8312757,53.01940276,183.6880409,8.911609395,244.366854,31.10362839,260.8245813
popd,2002,2.558009971,3.448833289,136.3837796,112.8725197,236.4515708,113.3520196,366.5447254,349.6433471,53.68224903,187.6480684,8.870433931,245.4035423,31.39354993,263.9075704
popd,2003,2.589771292,3.48336341,137.2359193,113.6131324,236.6164273,113.0278063,372.673071,350.3923182,54.34319453,191.6036231,8.830256615,246.5489067,31.66453462,266.8676815
popd,2004,2.619970582,3.518443373,138.0534367,114.5154748,236.5921954,112.7777951,378.7634753,350.5102881,55.04029579,195.5950342,8.794642038,247.9556277,31.95894507,269.3832941
popd,2005,2.654777866,3.5533034,138.8677661,115.3840623,236.4646806,112.5662872,384.8118264,350.5432099,55.79990638,199.6545078,8.76107113,249.6639772,32.2548766,271.9026123
popd,2006,2.694232196,3.581730817,139.6453429,116.191339,236.2251979,112.3911394,390.8185212,350.7654321,56.63333831,203.7852753,8.734387528,251.5058901,32.56739985,274.4367949
popd,2007,2.711115161,3.61663736,140.3765881,116.9124438,235.9433619,112.2171633,396.7729069,351.1687243,57.53046426,207.9869422,8.719462392,253.4719258,32.87861136,277.000645
popd,2008,2.765994559,3.655989052,141.0977052,117.5676487,235.5221782,112.0208459,402.6472933,351.3388203,58.46951259,212.2828495,8.716094712,255.4747034,33.24368685,279.6394395
popd,2009,2.823594496,3.698084788,141.8012441,118.1740787,234.9396374,110.7108141,408.4065035,351.2949246,59.41779778,216.6998495,8.718719877,257.4144174,33.53639923,282.4052859
popd,2010,2.867858584,3.739510266,142.4877434,118.7593383,234.6069082,110.4608748,414.0269176,351.309834,60.35080172,221.2538683,8.722634362,259.4401893,33.81701299,285.3307705
popd,2011,2.90798641,3.776625307,143.1721123,119.3351103,230.3046333,110.1483155,419.494223,350.654908,61.26187248,225.9550968,8.729437799,261.4761212,34.06909052,288.4401716
popd,2012,2.960373196,3.821466628,143.8713936,119.914071,230.7506255,109.5809345,424.8184112,350.0905201,62.15607757,230.7901788,8.744141951,263.3005415,34.32588336,291.7143903
popd,2013,3.012886896,3.865654736,144.5834568,120.5329491,231.1557126,109.2795979,430.030441,349.5858021,63.03452712,235.7209877,8.762780128,265.0693424,34.57089595,295.087319
popd,2014,3.059518373,3.907770267,145.317356,121.1126732,232.1080539,108.985618,435.1754493,349.1222295,63.90164356,240.694086,8.781877489,267.0737817,34.83195535,298.4645886
popd,2015,3.104641058,3.940449068,146.0576461,121.619057,234.1536581,108.7266983,440.286016,348.7519201,64.76038427,245.6679548,8.798804045,269.2053941,35.09621718,301.7756216
popd,2016,3.151505278,3.987965483,146.850662,122.1055854,236.0237002,108.4063073,445.3705797,348.350096,65.60890095,250.6271741,8.813796287,271.134481,35.35487985,304.9926533
popd,2017,3.202027127,4.03673422,147.674035,122.5783763,237.0163371,108.042936,450.4186167,347.7775867,66.44372335,255.5727934,8.823117238,272.8982474,35.60776459,308.1265521
co2,2000,329443.28,534380.909,3405179.867,362226.26,829977.779,55826.408,1031853.463,1220527.947,398382.88,106449.343,1557899.281,541784.582,5693684.894,53644.543
co2,2001,324844.862,527926.989,3487566.356,377535.985,853662.932,56977.846,1041152.975,1203377.388,412977.54,108282.843,1557506.912,545862.286,5595794.329,61139.891
co2,2002,341353.696,519335.208,3850269.326,375075.428,829724.756,56064.763,1054258.833,1220047.57,414389.335,114084.037,1557085.207,528642.054,5641309.133,70806.103
co2,2003,336271.234,553100.944,4540417.061,380689.605,822812.461,59053.368,1099597.621,1242093.574,440208.682,118895.141,1604242.827,540006.087,5675701.926,78767.16
co2,2004,342699.485,552198.862,5233538.733,383758.884,816802.248,57458.223,1154320.262,1266009.748,441308.782,131601.296,1602115.967,539239.684,5756075.232,90549.231
co2,2005,350172.831,557417.003,5896957.705,385368.697,797180.131,58019.274,1222563.132,1239255.316,466361.726,136636.087,1615089.813,542580.321,5789727.291,98143.588
co2,2006,365346.877,543819.767,6529291.518,375764.824,816472.218,57388.55,1303717.509,1231495.944,479251.231,146074.945,1669262.404,541458.219,5697285.888,102745.673
co2,2007,372090.49,554355.058,7030797.772,369142.222,780546.619,56035.427,1407607.286,1252229.162,480520.013,158894.777,1666886.188,528425.701,5789030.561,104872.533
co2,2008,385904.079,561028.998,7553070.247,366325.966,780564.954,54843.652,1568379.567,1210135.669,493251.837,159070.793,1714978.893,520688.331,5614110.994,117993.059
co2,2009,394792.887,536764.459,8001008.965,351899.988,722263.321,48510.743,1738645.711,1103869.676,475950.931,158836.105,1574045.082,471719.213,5263505.457,128634.693
co2,2010,390861.863,534670.602,8776040.416,353033.091,758859.981,50223.232,1719690.988,1171624.835,464308.206,161395.671,1670531.186,493207.833,5395532.125,142737.975
co2,2011,391818.95,537112.824,9733538.12,331804.828,732497.918,47843.349,1841776.419,1191074.603,484429.035,161956.722,1763405.295,447828.708,5289680.503,152169.499
co2,2012,388126.281,517457.704,10028573.94,333227.624,739861.254,44583.386,2018503.817,1230168.49,496324.783,163496.862,1830830.424,468572.927,5119436.361,142220.928
co2,2013,372266.506,517160.677,10258007.13,334096.703,757312.507,42141.164,2034752.294,1246515.976,490340.239,164325.604,1778561.006,458250.322,5159160.972,147230.05
co2,2014,361261.839,537193.498,10291926.88,303275.568,719883.438,42086.159,2238377.137,1214048.358,480270.657,166298.45,1705345.684,419820.162,5254279.285,166910.839
rir,2000,5.008004749,2.807671061,3.712016826,4.618041968,7.678941612,2.489689691,8.34261083,3.499271106,5.19659251,0,-9.633221274,3.83455711,6.803009695,6.905766654
rir,2001,2.122109052,4.086493276,3.730663251,6.988979417,7.251206069,0.8000347743,8.591449296,3.108264873,6.368742912,0,1.22,4.224341442,4.539319194,6.624035466
rir,2002,3.404854407,2.927678762,4.676861315,6.029455347,5.581374478,1.687103541,7.90717719,3.372381681,2.566237995,0,0.18,1.731875325,3.092403166,4.166937119
rir,2003,3.393439051,1.386419109,2.635882424,6.510736637,6.9900539,3.847008527,7.30788116,3.495587467,2.867224184,0,-0.71,1.254534888,2.08683115,2.213057918
rir,2004,3.621145884,0.6969169658,-1.284961447,7.69844738,6.527526738,7.465055623,4.91013492,2.899232098,-0.4847807978,-0.4563811384,-7.35,1.826005356,1.547720834,1.188922339
rir,2005,3.335945251,1.23088609,1.614357658,7.46943546,6.859283242,5.967224251,6.2483308,2.74280614,3.609083841,1.910929168,-7.23,1.951406856,2.878895959,-6.552887405
rir,2006,2.397468633,3.117597709,2.109240078,7.874242526,7.92661755,4.389029091,4.477353833,2.570922086,1.0551937,-6.77408831,-4.12,1.563725724,4.739619623,2.401517261
rir,2007,3.029607582,2.695919665,-0.3107633308,7.173418096,9.096777417,3.488130418,6.869182971,2.631929162,1.674815929,4.189272918,-3.31,2.855404842,5.248970835,1.413637869
rir,2008,4.193481113,0.6963040011,-2.334663351,6.889358475,7.890222997,4.939849959,4.277227228,2.919028021,2.385983153,-0.2368966317,-4.86,1.802059656,3.065749495,-5.616335289
rir,2009,0.968882192,4.800208834,5.451197219,6.891550184,8.368394692,6.726649064,5.773571194,2.348964468,3.007763612,-5.079301224,13.05,-0.863299177,2.471793576,3.627881414
rir,2010,6.045011865,-0.2623552979,-1.060780047,5.310163568,9.114404701,5.138059372,1.085341947,3.560983326,0.7092801528,2.879799176,-2.95,-1.053564165,2.004172652,0.9466526544
rir,2011,1.391707199,-0.2344487472,-1.472140108,5.416970561,8.794895861,5.917509136,1.498946519,3.229311638,-0.8758623033,-4.367506748,-12.28,-1.481362458,1.161394072,-3.551709174
rir,2012,5.006708265,1.757286718,3.52322329,5.513954191,9.337337805,5.43622413,2.473520489,2.185700285,0.6389221325,7.125312698,0.01,-1.047096119,1.382482478,2.294892164
rir,2013,6.347084695,1.392767439,3.692596925,6.127353925,8.843542178,3.271938885,3.865992863,1.642399108,2.680928104,4.692979943,3.849116451,-1.377565196,1.609007329,4.648066746
rir,2014,4.446034378,1.009566079,4.732424182,5.018948079,8.356062449,1.03171147,6.69517609,-0.517122124,-0.7817747008,4.020467658,3.387543124,-1.194853235,1.429667736,4.338715765
rir,2015,6.34925411,3.557483043,4.252697384,4.838782274,8.464274453,0.9988225743,7.775342991,-0.9775778073,0.6681539464,5.806908292,6.797218359,-0.98,2.152227961,7.164457066
rir,2016,5.906273994,2.075128282,3.17584075,4.423132136,10.12533039,1.119051856,6.000742689,0.7690883612,-0.6116405357,8.321456963,8.744019843,-1.21,2.20770078,5.785098663